Title,Subtitle,Location,Time
Postdoctoral Research Fellow - Cell Biology/Neuroscience - Saheki Lab,Lee Kong Chian School of Medicine,"Novena, Singapore",3 weeks ago
W3 - Professorship for "Biological Data Science" (f/m/d)?,University of Göttingen,"Göttingen, Germany",6 days ago
Research Scientists (m/f/d) in the field of structural biology,University of Lübeck,"Lübeck, Germany",1 week ago
Life Sciences Research Professional,Stanford University,"Palo Alto, CA, United States",1 month ago
Data Steward for Metadata in Life Sciences,German Cancer Research Center in the Helmholtz Association (DKFZ),"Heidelberg, Germany",3 weeks ago
"Faculty Positions in School of Life Sciences, Westlake University",Westlake University,"Hangzhou, China",1 month ago
Post-doctoral position in Computational Modelling in Life Sciences,Fundación Biofísica Bizkaia,"Bilbao-Leioa, Spain",2 weeks ago
Tenure-track in the field of Meteorology and Climatology with a focus?,"University of Natural Resources and Life Sciences, Vienna (BOKU)","Vienna, Austria",1 month ago
Tenure-track in the field of Sustainable Landscape Development,"University of Natural Resources and Life Sciences, Vienna (BOKU)","Vienna, Austria",1 month ago
Assistant Professor in Artificial Intelligence in Big Data Plant &?,Utrecht University (UU),"Utrecht, Netherlands",1 month ago
HiLIFE tenure track assistant / associate professor positions,University of Helsinki,"Helsinki, Finland",5 days ago
2022 Recruitment notice Shenzhen Institute of Synthetic Biology:?,Shenzhen Institute of Synthetic Biology,"Shenzhen, China",2 months ago
Postdoctoral Research Associate Grade 7,University of Liverpool,"Liverpool, United Kingdom",6 days ago
PostDoc position (m/f/d) in "The politics of diversity knowledge to?,Alfred Wegener Institute - Helmholtz Centre for Polar and Marine Research (AWI),"Oldenburg, Germany",2 months ago
Software Developer,Flanders Institute for Biotechnology (VIB),"Ghent, Belgium",2 weeks ago
FACULTY POSITION AT THE PROFESSOR LEVEL,Hamad bin Khalifa University (HBKU),"Doha, Qatar",1 week ago
Imaging Mass Spectrometrist to perform single-cell metabolomics,Bio Innovation Institute Foundation ,"Copenhagen, Denmark",3 weeks ago
"Dean, School of Ocean and Earth Science and Technology",University of Hawaii at Manoa,"Honolulu, HI, United States",1 month ago
Statistical Geneticist/Statistician,Human Technopole,"Milan, Italy",2 weeks ago
Faculty Positions in Westlake University,Westlake University,"Hangzhou, China",1 month ago
Postdoctoral Research Associate,New York University (NYU),"New York, NY, United States",2 months ago
Postdoc multidimensional integration of high throughput sequencing?,University Medical Center Freiburg,"Freiburg, Germany",3 weeks ago
Commercial Strategy Manager (Immunology and infectious diseases),Abcam plc,"Cambridge, United Kingdom",2 months ago
Scientific Managing Editor - Cell Press,Cell Press,"London, Greater London, United Kingdom",2 months ago
DESY-Fellowships Photon Science,German Electron Synchrotron (DESY),"Hamburg, Germany",6 months ago
Postdoctoral Fellow - Computational Analysis of Human Microbiome Data,European Molecular Biology Laboratory (EMBL),"Heidelberg, Germany",5 days ago
PhD candidate for protein engineering of imaging tools (f/m/x),Helmholtz Munich,"München, Germany",1 month ago
Scientific assistant to the head of division,German Electron Synchrotron (DESY),"Hamburg, Germany",4 months ago
"Faculty Positions in School of Life Sciences, Westlake University",Westlake University,"Hangzhou, China",1 month ago
Faculty Positions in Westlake University,Westlake University,"Hangzhou, China",1 month ago
W3 - Professorship for "Biological Data Science" (f/m/d)?,University of Göttingen,"Göttingen, Germany",6 days ago
Postdoctoral Fellow - Computational Analysis of Human Microbiome Data,European Molecular Biology Laboratory (EMBL),"Heidelberg, Germany",5 days ago
PhD candidate for protein engineering of imaging tools (f/m/x),Helmholtz Munich,"München, Germany",1 month ago
Scientific assistant to the head of division,German Electron Synchrotron (DESY),"Hamburg, Germany",4 months ago
Research Scientist ? Microbiome Expertise,Abbott Nutrition,"Columbus, OH, United States",1 month ago
Plant Scientist @ VIB Agro-Incubator site,Flanders Institute for Biotechnology (VIB),"Nevele, Belgium",3 weeks ago
Doctoral Researcher (f/m/d) / Recoding Mechanisms in Infections,Helmholtz Centre for Infection Research (HZI),"Würzburg, Germany",1 week ago
"Cancer Research Associate II, North Brunswick, NJ, USA","Sonder Research X, ","North Brunswick, NJ, United States",2 weeks ago
1 PhD Student (m/f/d) ? Cellular and genomic alterations induced by?,Ulm University,"Ulm, Germany",6 days ago
PhD candidate for protein engineering of imaging tools (f/m/x),Helmholtz Munich,"München, Germany",1 month ago
Teaching Faculty Positions in Biology,Westlake University,"Hangzhou, China",1 month ago
Principal Electron Microscopy Software Scientist,Diamond Light Source Ltd.,"Harwell, United Kingdom",6 days ago
E-2227 ? LIFE CYCLE ASSESSMENT (LCA) RESEARCHER,Luxembourg Institute of Science and Technology (LIST),"Esch-Sur-Alzette, Luxembourg",3 months ago
Associate Director for Responsive Agriculture ? Institute for?,Texas A&M AgriLife Research - IHA,"College Station, TX, United States",1 month ago
Postdoctoral Positions in the Research Group Synaptic Transmission in?,Max Planck Institute for Metabolism Research,"Köln, Germany",5 months ago
Postdoctoral positions in the research group Synaptic Transmission in?,Max Planck Institute for Metabolism Research,"Cologne, Germany",2 months ago
Postdoctoral Researcher position in Cancer Microbiome,University of Luxembourg,"Luxembourg, Luxembourg",4 days ago
PhD Position in Human Motor Control and Biomechanics part time 70%,Karlsruhe Institute of Technology (KIT),"Karlsruhe, Germany",1 month ago
"Assistant/Associate, Pharmacodynamics - School of Pharmaceutical?",University of Ottawa (uOttawa),"Ottawa, Ontario, Canada",2 weeks ago
PhD candidate in molecular mechanisms of 3D genome rewiring (f/m/x),Helmholtz Munich,"Oldenburg, Germany",2 weeks ago
wiss. Mitarbeiter/in (m/w/d),Technische Universität Dresden (TU Dresden),"01069 Dresden, Germany",6 days ago
"Associate or Senior Editor, Nature Communications (Evolution)(42632)",Springer Nature,"London, United Kingdom",1 month ago
Associate Scientific Editor,Cell Press,"MA, United States",2 weeks ago
Science Program Officer,Target ALS Foundation,"New York, United States",2 weeks ago
Head of MS and NMR Core facility (f/div/m),Leibniz Institute for Natural Product Research and Infection Biology - Hans-Knöll-Institute (HKI),"Jena, Germany",6 days ago
Tenure-track Assistant Professor in Evolutionary Physiology,Aarhus University (AU),"Aarhus C, Denmark",2 weeks ago
HiLIFE tenure track assistant / associate professor positions,University of Helsinki,"Helsinki, Finland",5 days ago
2022 Recruitment notice Shenzhen Institute of Synthetic Biology:?,Shenzhen Institute of Synthetic Biology,"Shenzhen, China",2 months ago
"Cancer Research Associate II, North Brunswick, NJ, USA","Sonder Research X, ","North Brunswick, NJ, United States",2 weeks ago
Scientist P21.2 / PETRA III,German Electron Synchrotron (DESY),"Hamburg, Germany",2 months ago
"Deputy Editor, EClinicalMedicine",Elsevier Inc.,"London, Greater London, United Kingdom",2 weeks ago
Chief Technology Officer,Gusu Laboratory of Materials,"Suzhou, China",1 month ago
PostDoc for "Molecular identification and quantification of bivalve?,Alfred Wegener Institute - Helmholtz Centre for Polar and Marine Research (AWI),"Sylt, Germany",2 weeks ago
Senior Data Scientist - COSMIC - Cancer Research,Wellcome Sanger Institute,"Cambridge, United Kingdom",3 weeks ago
Computational Senior Staff Scientist,Wellcome Sanger Institute,"Cambridge, United Kingdom",2 weeks ago
"Associate Scientific Editor, Molecular Cell",Cell Press,"London, Greater London, United Kingdom",2 months ago
Post doc in structural microbiology,Aarhus University (AU),"Aarhus C, Denmark",4 weeks ago
Research Scientist (Cell Line Development Scientist),Shiok Meats Pte Ltd,"Australia, Australia",2 months ago
Research Assistant (f/m/d) Neurodegeneration Assays,Evotec SE,"Hamburg, Germany",4 months ago
Research Associate / Postdoc (m/f/x),Technische Universität Dresden (TU Dresden),"01069 Dresden, Germany",4 days ago
"Associate/Senior Editor, Nature Reviews Microbiology",Springer Nature,"London, United Kingdom",3 hours ago
Researcher position: Integrated Environmental Impact Assessment?,Leibniz Potsdam Institute for Climate Impact Research (PIK),"Potsdam, Germany",2 days ago
Bioinformatician (f/m/d),Berlin Institute of Health (BIH),"Berlin, Germany",1 month ago
"Scientific Editor, Molecular Cell (1 year Fixed Term Contract)",Cell Press,"London, Greater London, United Kingdom",2 months ago
Outreach Manager (f/m/x),Helmholtz Munich,"München, Germany",3 months ago
Postdoc in genomic surveillance of airborne pathogens (f/m/x),Helmholtz Munich,"München, Germany",2 months ago
Postdoc (f/m/x) in genomic surveillance of airborne pathogens,Helmholtz Zentrum München - German Research Center for Environmental Health (HMGU),"München, Germany",4 hours ago
Postdoc to investigate molecular mechanisms underlying muscle?,Flanders Institute for Biotechnology (VIB),"Leuven, Belgium",6 months ago
Scientific Writer,University of Oxford,"Oxford, United Kingdom",3 weeks ago
Distinguished Junior Fellowship at the South Bay Interdisciplinary?,Songshan Lake Materials Laboratory (SLAB),"Dongguan, China",2 weeks ago
Computational Biologists (m/f/d),Evotec SE,"Göttingen, Germany",4 months ago
Research Scientist (f/m/d) - Bioinformatics,Evotec SE,"Munich, Germany",11 months ago
Research Scientist (f/m/d) - Bioinformatics,Evotec SE,"Munich, Germany",9 months ago
Senior Manager CEREBRA Unit,Human Technopole,"Milan, Italy",2 weeks ago
W3 - Professorship for "Biological Data Science" (f/m/d)?,University of Göttingen,"Göttingen, Germany",6 days ago
Faculty Positions in Westlake University,Westlake University,"Hangzhou, China",1 month ago
Assistant Professor in Artificial Intelligence in Big Data Plant &?,Utrecht University (UU),"Utrecht, Netherlands",1 month ago
Scientist for ultrafast pump-probe experiments,German Electron Synchrotron (DESY),"Hamburg, Germany",1 month ago
Tenure Track Assistant Professor in Global Environmental Change and?,Aarhus University (AU),"Aarhus C, Denmark",4 weeks ago
"Senior Editor, EClinicalMedicine",Elsevier Inc.,"London, Greater London, United Kingdom",1 month ago
Tenure-track Assistant Professor in Evolutionary Genomics,Aarhus University (AU),"Aarhus C, Denmark",2 weeks ago
Polymer Scientist (m/f/div) for Materials Central Scientific Facility,Max Planck Institute for Intelligent Systems (MPIIS),"Stuttgart, Germany",3 months ago
Suzhou Institute of Systems Medicine Seeking High-level Talents,"Suzhou Institute of Systems Medicine (ISM), CAMS & PUMC","Suzhou, China",2 months ago
Five Master Fellowships,Cologne Graduate School of Ageing Research (CGA),"Cologne, Germany",3 months ago
PhD candidate in organoid-based lung disease modeling (f/m/x),Helmholtz Munich,"München, Germany",2 weeks ago
"Deputy Editor, EClinicalMedicine",Elsevier Inc.,"London, Greater London, United Kingdom",1 month ago
Scientific Coordinator,Jülich Research Centre (FZJ),"Jülich, Germany",3 months ago
Genomics Scientist,University of North Dakota (UND),"Grand Forks, ND, United States",1 month ago
Postdoc on in vitro/ex vivo MRI at ultra-high field,Wageningen UR (University & Research Centre),"Wageningen, Netherlands",1 day ago
Master thesis on the topic of "Determination of surface recombination?,Jülich Research Centre (FZJ),"Jülich, Germany",1 week ago
Postdoctoral Fellowship in Adipose Tissue Biology,University of Oslo (UiO),"Oslo, Norway",3 weeks ago
Research Fellow - Physiology and Biomedical Engineering,Mayo Clinic,"Rochester, MN, United States",1 week ago
Head of the Confocal Microscopy Core Unit at the CNIO,Spanish National Cancer Research Centre (CNIO),"Madrid, Spain",5 days ago
PhD candidate for the development of instrumentation for?,Helmholtz Munich,"München, Germany",1 month ago
"Calls for Ambitious Talents in Light Source Facilities, The Institute?",Institute of Advanced Science Facilities,"Shenzhen, China",1 month ago
Post Doctoral Fellow,University of North Dakota (UND),"Grand Forks, ND, United States",2 weeks ago
Postdoctoral Fellow in Developmental and Regenerative Neuroscience,Burke Medical Research Institute (BMRI),"White Plains, United States",2 weeks ago
Senior Editor eBioMedicine,Elsevier Inc.,"Cambridge, MA, United States",1 month ago
Research Associate,King's College London,"London, United Kingdom",1 day ago
The Professor Fiona Stanley and Professor Louis Landau Chairs in?,The University of Western Australia (UWA),"Perth, Australia",7 days ago
Specialist in Nutrition for Muscle Growth & Regeneration?,Société des Produits Nestlé S.A.,"Lausanne, Switzerland",2 months ago
Eventmanager for Helmholtz AI (f/m/x),Helmholtz Munich,"München, Germany",1 month ago
HiLIFE tenure track assistant / associate professor positions,University of Helsinki,"Helsinki, Finland",5 days ago
Faculty Positions in Westlake University,Westlake University,"Hangzhou, China",1 month ago
Assistant Professor in Artificial Intelligence in Big Data Plant &?,Utrecht University (UU),"Utrecht, Netherlands",1 month ago
Postdoctoral Fellow,La Jolla Institute for Immunology,"La Jolla, CA, United States",3 weeks ago
"Group leader (advanced Postdoc level) in Neuroscience, and Lab-head?",Ulm University,"Ulm, Germany",2 months ago
Postdoctoral Researcher (f/m/x) Clinic and Polyclinic for Oral and?,University Hospital of Cologne,"Köln, Germany",1 month ago
Brain Imaging Researcher,Champalimaud Foundation (EN),"Lisbon, Portugal",3 weeks ago
"Director, Scientific Conference Programming",Alzheimer's Association,"Chicago, IL, United States",4 weeks ago
Postdoc in AI for medical imaging (f/m/x),Helmholtz Munich,"München, Germany",1 month ago
64214: Computer Scientist or similar (f/m/x) - Development of secure?,German Aerospace Center (DLR),"Jena, Germany",1 month ago
"64884: Software Engineer, Data Scientist, Computer Scientist or?",German Aerospace Center (DLR),"Jena, Germany",1 month ago
Postdoctoral Associate,Baylor College of Medicine (BCM),"Houston, TX, United States",5 days ago
Leader - Integrated Assay Systems,Corteva Agriscience LLC,"Johnston, IA, United States",2 weeks ago
Senior/Laboratory Research Scientist ? State-dependent Neural?,Francis Crick Institute,"London, United Kingdom",3 months ago
PhD student in Unfolded Protein Response in gut homeostasis,Flanders Institute for Biotechnology (VIB),"Ghent, Belgium",3 weeks ago
Senior Editor - The Lancet Healthy Longevity (maternity cover),Elsevier Inc.,"London, Greater London, United Kingdom",1 month ago
Full Professorship (W3) of Systematic Zoology (Chair),"Ludwig-Maximilians-Universität München, Faculty of Biology","Munich, Germany",2 weeks ago
Science Manager (f/m/x),Helmholtz Munich,"München, Germany",2 months ago
Bachelor/Master Student,Jülich Research Centre (FZJ),"Aachen, Germany",6 months ago
Proteomics Platform Scientist (m/f/d),"Research Center for Molecular Medicine (CeMM), ÖAW","Vienna, Austria",1 month ago
"Calls for Ambitious Talents in Light Source Facilities,The Institute?",Institute of Advanced Science Facilities,"Shenzhen, China",1 month ago
Computer Scientist for Software Development for the Cherenkov?,German Electron Synchrotron (DESY),"Berlin, Germany",1 month ago
Regulatory Affair Strategy Lead,Exscientia,"Oxford, United Kingdom",2 weeks ago
Audiology Assistant Professor or Associate Professor,The University of British Columbia (UBC),"Vancouver, Canada",1 month ago
Associate or Senior Editor (psychology and human behaviour),Springer Nature,"London, Greater London, United Kingdom",1 month ago
Fully funded PhD positions,Max Planck Institute of Biophysics (MPIBP),"Frankfurt am Main, Germany",4 months ago
Postdoctoral Fellow within the SmartSense transdisciplinary consortium,University of Oslo (UiO),"Oslo, Norway",2 months ago
Postdoc in integrative mRNA biology (Lorenzo Calviello Group),Human Technopole,"Milan, Italy",3 weeks ago
Post-doctoral position in Computational Modelling in Life Sciences,Fundación Biofísica Bizkaia,"Bilbao-Leioa, Spain",2 weeks ago
Research Scientists (m/f/d) in the field of structural biology,University of Lübeck,"Lübeck, Germany",1 week ago
Faculty Positions in Westlake University,Westlake University,"Hangzhou, China",1 month ago
PhD candidate for computational methods in cardio-metabolic imaging?,Helmholtz Munich,"München, Germany",1 month ago
PhD candidate in computational medical imaging (f/m/x),Helmholtz Munich,"München, Germany",1 month ago
Associate or Senior Editor (Molecular Biology),Springer Nature,"London, United Kingdom",2 weeks ago
Science Writer,Fred Hutchinson Cancer Research Center,"Seattle, WA, United States",2 months ago
?In Recruitment?Postdoctoral Global Recruitment of International?,"International School of Medicine, Zhejiang University","Zhejiang, China",1 month ago
Postdoctoral Fellowships,Washington Research Foundation (WRF),"Various, WA, United States",2 months ago
Locum Associate Subeditor,Springer Nature Limited,"London, United Kingdom",2 weeks ago
Molecular Plant-Microbiologist,Flanders Institute for Biotechnology (VIB),"Ghent, Belgium",3 weeks ago
"Scientific Manager, Sequencing Operation, Next Generation Sequencing?","Genentech, Inc.","South San Francisco, CA, United States",1 month ago
Department Director,Max Planck Institute for Biology Tübingen,"Tübingen, Germany",2 months ago
Lab Manager / Scientist (f/m/x),Helmholtz Munich,"München, Germany",1 week ago
9 Postdoc positions (m/f/d),Essen University Hospital,"Essen, Germany",4 weeks ago
Computational Postdoc: single-cell regulatory genomics of the human?,Flanders Institute for Biotechnology (VIB),"Leuven, Belgium",11 months ago
"Open Rank Professor of Pharmacology, Tenured/Tenure-Track",University of Virginia (UVA),"Charlottesville, VA, United States",2 months ago
Opportunities to Shine at ShanghaiTech University,ShanghaiTech University,"Shanghai, China",1 week ago
Flow Cytometry Specialist/Health Scientist,Hunter Holmes McGuire VA Hospital ,"Richmond, VA, United States",2 weeks ago
PhD candidate in Bioinformatics for ?Multi-modal single cell analysis?,Helmholtz Munich,"München, Germany",3 months ago
Bioinformatics Analyst,Francis Crick Institute,"London, United Kingdom",2 weeks ago
"Faculty positions at Suzhou Medical College, Soochow University",Suzhou Medical College of Soochow University,"Suzhou, China",2 months ago
POST-DOCTORAL POSITION MOLECULAR CANCER BIOLOGY,University of Liège (ULg),"Liège, Belgium",1 month ago
Postdoc - Coherent Control of Correlations in Spin Systems using?,Jülich Research Centre (FZJ),"Jülich, Germany",6 months ago
Post-doctorate for the Low-Level RF Controls of the particle?,German Electron Synchrotron (DESY),"Hamburg, Germany",7 months ago
"Postdoctoral Fellow in Computational Biology, Cancer Genomics, and/or?",Case Western Reserve University (CWRU),"Cleveland, OH, United States",2 weeks ago
Scientist for cross-platform software deployment,German Electron Synchrotron (DESY),"Hamburg, Germany",2 months ago
Postdoc wet Pinheiro Lab ? Computational Biology Research Centre,Human Technopole,"Milan, Italy",3 weeks ago
W3 - Professorship for "Biological Data Science" (f/m/d)?,University of Göttingen,"Göttingen, Germany",6 days ago
1 PhD Student (m/f/d) ? Cellular and genomic alterations induced by?,Ulm University,"Ulm, Germany",6 days ago
Research Scientists (m/f/d) in the field of structural biology,University of Lübeck,"Lübeck, Germany",1 week ago
Postdoctoral fellow position in the field of RAS drug development,University of Luxembourg,"Luxembourg, Luxembourg",1 week ago
PhD candidate ? Metabolism and Epigenetics (f/m/x),Helmholtz Munich,"München, Germany",2 months ago
Experienced Researcher in Biology - M/F,Bioprojet-Biotech,"Saint-Grégoire (35), France",1 month ago
Independent Junior Research Group Leader Position,"Biotechnology Institute Thurgau (BITG), University of Konstanz","Kreuzlingen, Switzerland",1 month ago
Research Group Leader,Institute of Advanced Research in Artificial Intelligence (IARAI) GmbH,"Vienna, Austria",3 months ago
Postdoctoral Fellow at UT Austin,The University of Texas at Austin (UT Austin),"Austin, TX, United States",4 weeks ago
"Assistant (tenure-track) or Associate Professor in Civil Engineering,?",University of Luxembourg,"Luxembourg, Luxembourg",1 week ago
POSTDOCTORAL POSITION IN SYNAPTIC TRANSMISSION / SUPER-RESOLUTION?,"Washington University School of Medicine (WUSM), WUSTL","St Louis, MO, United States",16 hours ago
Lead Researcher in Neuroimaging,St. Jude Children's Research Hospital (St. Jude),"Memphis, TN, United States",2 months ago
Scientist P21.2 / PETRA III,German Electron Synchrotron (DESY),"Hamburg, Germany",8 months ago
"Editorial & Features Administrator, Current Biology, Cell Press?",Cell Press,"London, Greater London, United Kingdom",1 month ago
Postdoc for the development of instrumentation for high-resolution?,Helmholtz Munich,"München, Germany",3 weeks ago
Principal Investigator Positions in Functional Neurobiology,Flanders Institute for Biotechnology (VIB),"Antwerp, Belgium",3 months ago
Scientist in Antibody bioproduction,University of Tours (UFR),"Tours, France",1 month ago
Single Cell and Sequencing Specialist (Next Generation Sequencing),Babraham Institute,"Babraham, United Kingdom",2 days ago
Research Associate,University of Glasgow,"Glasgow, United Kingdom",1 week ago
Senior Manager of the Genomics Computation Unit,Human Technopole,"Milan, Italy",2 weeks ago
Postdoctoral Fellow in Analysis and Modeling of Transport of Complex?,Helmholtz Munich,"München, Germany",2 weeks ago
PhD candidate Molecular Allergology (f/m/x),Helmholtz Munich,"München, Germany",1 week ago
Postdoc - spatial transcriptomics/single cell genomics/machine?,Helmholtz Munich,"München, Germany",3 months ago
PhD Student Position to study Microtubule Nanomechanics,Max Planck Institute for Multidisciplinary Sciences,"Göttingen, Germany",2 days ago
Assistant Professor (Sustainable Solutions for Materials Production?,The University of British Columbia (UBC),"Vancouver, Canada",2 months ago
PostDoc (f/m/d) Data-intensive research on riverine biodiversity and?,Helmholtz-Zentrum Dresden-Rossendorf (HZDR),"Görlitz, Germany",4 weeks ago
"Chief Editor, Nature Chemistry",Springer Nature,"London, United Kingdom",7 days ago
Staff Research Engineer (f/m/x),Helmholtz Munich,"München, Germany",3 weeks ago
Faculty Positions in Westlake University,Westlake University,"Hangzhou, China",1 month ago
"Faculty Positions in School of Life Sciences, Westlake University",Westlake University,"Hangzhou, China",1 month ago
2022 Recruitment notice Shenzhen Institute of Synthetic Biology:?,Shenzhen Institute of Synthetic Biology,"Shenzhen, China",2 months ago
Scientific Writer (f/m/x),Helmholtz Munich,"München, Germany",2 weeks ago
Tenure-track Assistant Professor/Group Leader in Cancer-related?,Medical University of Vienna (MUW),"Vienna, Austria",1 month ago
"Research assistant, PhD (m/f/d) in the field of chemistry, analytical?",Federal Institute for Materials Research and Testing (BAM),"Berlin, Germany",1 week ago
Basic Sciences Faculty (Multiple Positions),VCU Massey Cancer Center,"Richmond, VA, United States",2 months ago
"Post-Doctoral Associate, Center for Genomics and Systems Biology?",New York University Abu Dhabi,"Abu Dhabi, United Arab Emirates",1 month ago
Principal Scientist (f/m/d) Ophthalmology,Evotec SE,"Hamburg, Germany",1 week ago
Bio IT Position,Flanders Institute for Biotechnology (VIB),"Ghent, Belgium",2 months ago
"Master thesis - Computer Science, Electrical Engineering,?",Jülich Research Centre (FZJ),"Jülich, Germany",3 months ago
Faculty and Post-doctoral Positions in School of Medicine and Health:?,Harbin Institute of Technology (HIT),"Harbin, China",2 months ago
Scientific Programmer or Research Software Engineers,Jülich Research Centre (FZJ),"Jülich, Germany",6 months ago
Postdoc (f/m/d) Plasma Physics at X-ray Free Electron Lasers /?,Helmholtz-Zentrum Dresden-Rossendorf (HZDR),"Dresden Rossendorf, Germany",2 weeks ago
"Faculty Positions in School of Engineering, Westlake University",Westlake University,"Hangzhou, China",5 days ago
Specialist Computational Biology (f/m/x),Helmholtz Munich,"München, Germany",3 months ago
3 Research Associates (m/f/x),Technische Universität Dresden (TU Dresden),"01069 Dresden, Germany",1 week ago
PhD candidate - Research Unit Molecular Pharmacology (f/m/x),Helmholtz Munich,"München, Germany",6 days ago
Postdoc in data analysis for medical sensors (f/m/x),Helmholtz Munich,"München, Germany",2 months ago
PhD Student @ the VIB-UGent Center for Medical Biotechnology,Flanders Institute for Biotechnology (VIB),"Ghent, Belgium",5 months ago
PostDoc position (m/f/d) in "Baselines and Biofutures" (HIPP Pos?,Alfred Wegener Institute - Helmholtz Centre for Polar and Marine Research (AWI),"Oldenburg, Germany",2 months ago
Electronic Engineer (f/m/d) / Master / Bachelor of Science in?,Helmholtz-Zentrum Dresden-Rossendorf (HZDR),"Schenefeld, Germany",1 month ago
PhD Position - Modelling Human Brain Development at the Cellular Level,Jülich Research Centre (FZJ),"Jülich, Germany",2 months ago
Tenure-track Assistant Professor toward Associate Professor in the?,University of Lausanne (UNIL),"Lausanne, Switzerland",4 months ago
Research Assistant (f/m/d) - Molecular Interactions,Evotec SE,"Hamburg, Germany",2 months ago
ERC-funded Postdoctoral and PhD Student positions (f/m/d) in?,University of Würzburg,"Würzburg, Germany",2 weeks ago
HPC application expert (m/f/div),Max Planck Computing and Data Facility (MPCDF),"Garching bei München, Germany",3 weeks ago
Tenure track Assistant or Associate Professorship in Environmental/?,Aarhus University (AU),"Aarhus C, Denmark",1 month ago
"Cancer Research Associate II, North Brunswick, NJ, USA","Sonder Research X, ","North Brunswick, NJ, United States",2 weeks ago
1 PhD Student (m/f/d) ? Cellular and genomic alterations induced by?,Ulm University,"Ulm, Germany",6 days ago
Statistical Geneticist/Statistician,Human Technopole,"Milan, Italy",2 weeks ago
PhD student in Physics (Solar Cells),University of Luxembourg,"Luxembourg, Luxembourg",1 week ago
Principal Scientist (f/m/d) ? High Sensitivity Proteomics,Evotec SE,"Munich, Germany",7 months ago
Junior Group Leader (male/female/diverse) "Chromosome?,University of Würzburg,"Würzburg, Germany",1 week ago
Postdoctoral Fellow,National Institutes of Health (NIH),"Bethesda, MD, United States",2 weeks ago
Research Fellow,University College London (UCL),"London, United Kingdom",2 weeks ago
The Core Operations Director,Northwestern University (NU),"Evanston, IL 60208, United States",2 weeks ago
PhD candidate in single-cell and quantitative stem cell biology?,Helmholtz Munich,"Oldenburg, Germany",2 weeks ago
Postdoctoral fellow in single-cell and quantitative stem cell biology?,Helmholtz Munich,"Oldenburg, Germany",1 week ago
Postdoctoral Research Fellow in Childhood Cancer Research,Oslo University Hospital (OUS),"Oslo, Norway",6 days ago
Electron Microscopy Expert,Flanders Institute for Biotechnology (VIB),"Leuven, Belgium",3 weeks ago
PhD Student (m/f/d),Essen University Hospital,"Essen, Germany",3 weeks ago
"Head, Department of Obstetrics & Gynaecology?",The University of British Columbia (UBC),"Vancouver, Canada",1 week ago
Senior Scientist,Washington University in St. Louis (WUSTL),"Saint Louis, MO, United States",4 days ago
Call for Human Technopole Director,Human Technopole,"Milan, Italy",2 months ago
Open Data Specialist,Howard Hughes Medical Institute (HHMI),"Ashburn, United States",3 weeks ago
Tumor Microenvironment in Metastasis Postdoctoral Fellow,H. Lee Moffitt Cancer Center & Research Institute,"Tampa, FL, United States",4 weeks ago
Tenure-track and Tenured Faculty Positions,The Hong Kong University of Science and Technology,"Guangzhou, China",3 weeks ago
Beamline Scientist,Diamond Light Source Ltd.,"Harwell, United Kingdom",2 days ago
Zhejiang University RNA Medical Center Recruits Talent Globally,"International School of Medicine, Zhejiang University","Yiwu, Zhejiang, China",1 month ago
Department Director (m/f/div),Max Planck Institute of Molecular Physiology,"Dortmund, Germany",5 months ago
NGS Scientist/Bioinformatician,GeneFirst ltd,"Oxford, United Kingdom",1 month ago
Research Associate Junior/Post Doc (f/m/d) for - Collaborative?,Universitätsklinikum Hamburg-Eppendorf ,"Hamburg, Germany",2 weeks ago
PhD Position - Nanoscale study of superconductors for qubits,Jülich Research Centre (FZJ),"Jülich, Germany",1 month ago
Director ? Center for In Vivo Imaging and Therapeutics,St. Jude Children's Research Hospital (St. Jude),"Memphis, TN, United States",1 month ago
Research Fellows (Computational Biologists),NTU Lee Kong Chian School of Medicine,"Singapore / Edinburgh, Singapore",2 weeks ago
HiLIFE tenure track assistant / associate professor positions,University of Helsinki,"Helsinki, Finland",5 days ago
"Faculty Positions in School of Life Sciences, Westlake University",Westlake University,"Hangzhou, China",1 month ago
"Cancer Research Associate II, North Brunswick, NJ, USA","Sonder Research X, ","North Brunswick, NJ, United States",2 weeks ago
Tenure-track Position in Experimental Biophotonics of Living Systems,University of Ottawa (uOttawa),"Ottawa, Ontario, Canada",1 month ago
Station leader (m/f/d) for the German-French Arctic station AWIPEV,Alfred Wegener Institute - Helmholtz Centre for Polar and Marine Research (AWI),"Bremerhaven, Bremen",5 months ago
"Postdoc in Mathematics / Hyperbolic geometry, geometric analysis",University of Luxembourg,"Luxembourg, Luxembourg",1 week ago
PhD position to study neural circuits of sensory selection,Flanders Institute for Biotechnology (VIB),"Leuven, Belgium",12 months ago
PostDoc (f/m/d) Quantifying encounter rates from animal tracking data?,Helmholtz-Zentrum Dresden-Rossendorf (HZDR),"Görlitz, Germany",2 weeks ago
Compliance Committee Administrator,Howard Hughes Medical Institute (HHMI),"Ashburn, United States",1 month ago
Computational PhD Position: Understanding vulnerability in ALS using?,Flanders Institute for Biotechnology (VIB),"Leuven, Belgium",2 months ago
Post-Doctoral Fellow in Mathematics (Statistics),University of Luxembourg,"Luxembourg, Luxembourg",5 months ago
Post-doctoral researcher in Computer Science,University of Luxembourg,"Luxembourg, Luxembourg",1 week ago
Senior Bioinformatics Scientist,BluMaiden Biosciences,"Singapore, Singapore",3 weeks ago
Account Manager,Springer Nature,"London, United Kingdom",5 days ago
Multiple Faculty Positions in Neuroscience and Neuroengineering,"IDG/McGovern Institute for Brain Research, TH","Beijin, China",1 day ago
PhD student in cellulose-based sustainable sprayed green electronics,German Electron Synchrotron (DESY),"Hamburg, Germany",6 months ago
PhD position (m/f/d),Max-Born-Institute for Nonlinear Optics and Short Pulse Spectroscopy (MBI),"Berlin, Germany",1 week ago
Post-doctoral Fellow at Dynamics Beamline P01,German Electron Synchrotron (DESY),"Hamburg, Germany",1 week ago
Postdoctoral Associate/Staff Scientist,The Scripps Research Institute (TSRI),"La Jolla, CA, United States",7 days ago
Doctoral Researcher (PhD) in Applied Cryptography,University of Luxembourg,"Luxembourg, Luxembourg",8 months ago
Data Scientist for additive manufacturing (m/f/d) in the field of?,Federal Institute for Materials Research and Testing (BAM),"Berlin, Germany",1 day ago
Editorial Project Manager- 6 months,Elsevier Inc.,"London, Greater London, United Kingdom",1 month ago
Doctoral researcher (PhD candidate) in Computer Science,University of Luxembourg,"Luxembourg, Luxembourg",1 week ago
Doctoral candidate (PhD student) in Computer Science,University of Luxembourg,"Luxembourg, Luxembourg",4 months ago
E-2234  RESEARCHER IN HYDROLOGICAL MODELLING,Luxembourg Institute of Science and Technology (LIST),"Esch-Sur-Alzette, Luxembourg",6 months ago
Postdoctoral Researcher in NLP for Legal Informatics,University of Luxembourg,"Luxembourg, Luxembourg",1 week ago
E-2228 ? ENGINEER FOR SCIENCE-BASED SUPPORT OF CONSTRUCTION AND?,Luxembourg Institute of Science and Technology (LIST),"Esch-Sur-Alzette, Luxembourg",2 months ago
Scientific Coordinator (m/f/div),Max Planck Institute for Biology of Ageing (MPIAGE),"Köln, Germany",2 months ago
Statistical Geneticist/Statistician,Human Technopole,"Milan, Italy",2 weeks ago
Post-doctoral position in Computational Modelling in Life Sciences,Fundación Biofísica Bizkaia,"Bilbao-Leioa, Spain",2 weeks ago
Assistant Professor in Artificial Intelligence in Big Data Plant &?,Utrecht University (UU),"Utrecht, Netherlands",1 month ago
Senior Research Assistant (f/m/d) Biophysics,Evotec SE,"Hamburg, Germany",4 months ago
"Research Technician, Neuroimmunology and Microbiome - Littman Lab",Howard Hughes Medical Institute (HHMI),"New York, United States",2 months ago
Doctoral Researcher (PhD) in Photovoltaics,University of Luxembourg,"Luxembourg, Luxembourg",8 months ago
PhD positions in the frame of the PRIDE grant ?Active phenomena?,University of Luxembourg,"Luxembourg, Luxembourg",1 week ago
"Postdoc in Mathematics / Hyperbolic geometry, geometric analysis",University of Luxembourg,"Luxembourg, Luxembourg",1 week ago
Staff Scientist @ The Laboratory of Tumor Inflammation and?,Flanders Institute for Biotechnology (VIB),"Leuven, Belgium",2 months ago
Study Support Technician II - Aquatics,Howard Hughes Medical Institute (HHMI),"Ashburn, United States",2 months ago
"Postdoc, student, and technician positions at Harvard Medical School",Beth Israel Deaconess Medical Center (BIDMC),"Boston, MA, United States",1 month ago
Research Specialist - Electron Microscopy,Howard Hughes Medical Institute (HHMI),"Ashburn, United States",4 months ago
PhD Student (f/m/d) Dynamics of fiber-laden drops / Excellent?,Helmholtz-Zentrum Dresden-Rossendorf (HZDR),"Dresden Rossendorf, Germany",2 weeks ago
Scientist for ultrafast pump-probe laser development,German Electron Synchrotron (DESY),"Hamburg, Germany",5 days ago
"Deputy Director and Chief Technology Officer, Division of Cancer?",NIH National Cancer Institute (NCI),"Rockville, MD, United States",19 hours ago
W3 Professorship for Data Science in Mechanical Engineering?,Karlsruhe Institute of Technology (KIT),"Karlsruhe, Germany",1 month ago
Machine Learning Researcher - Funke Lab,Howard Hughes Medical Institute (HHMI),"Ashburn, United States",1 year ago
Research Assistant / Postdoc (m/f/d) ? Deformation and damage?,Federal Institute for Materials Research and Testing (BAM),"Berlin, Germany",4 hours ago
Tenure Track Assistant Professor in Agricultural Systems,Aarhus University (AU),"Aarhus C, Denmark",1 month ago
Post-doctoral researcher position in Automated Reasoning,University of Luxembourg,"Luxembourg, Luxembourg",5 months ago
"Data Scientist (Open Rank), Center for Computational Neuroscience",Simons Foundation,"New York, NY, United States",5 days ago
"Data Scientist (Open Rank), Center for Computational Neuroscience",Simons Foundation ,"New York, NY, United States",21 hours ago
Postdoctoral Fellow - coupled biological/chemical/physical ocean?,The University of British Columbia (UBC),"Vancouver, Canada",2 weeks ago
"Assistant/Associate/Professor, Tenure/Tenure Track",The University of Texas MD Anderson Cancer Center,"Houston, TX, United States",2 months ago
"Post-doctoral position in Image Analysis, Machine Learning",Fundación Biofísica Bizkaia,"Bilbao-Leioa, Spain",2 weeks ago
"Associate/Senior Editor, Nature Reviews Chemistry",Springer Nature,"London, United Kingdom",2 weeks ago
Officer for Science Communication,Jülich Research Centre (FZJ),"Freiburg, Germany",6 days ago
Postdoctoral Position in Advanced Biophysical Analysis (m/f/div),Max Planck Institute for the Science of Light (MPL),"Erlangen, Germany",2 months ago
2022 Recruitment notice Shenzhen Institute of Synthetic Biology:?,Shenzhen Institute of Synthetic Biology,"Shenzhen, China",2 months ago
Post-doctoral position in Computational Modelling in Life Sciences,Fundación Biofísica Bizkaia,"Bilbao-Leioa, Spain",2 weeks ago
"Cancer Research Associate II, North Brunswick, NJ, USA","Sonder Research X, ","North Brunswick, NJ, United States",2 weeks ago
Postdoctoral Project Research Scientist,Francis Crick Institute,"London, United Kingdom",2 weeks ago
Seeking a Team Leader for the Laboratory for Inter-organ Crosstalk?,RIKEN,"Yokohama, Japan",2 weeks ago
Postdoc in Physics (Solar Cells),University of Luxembourg,"Luxembourg, Luxembourg",1 week ago
Postdoc in Physics (Solar Cells),University of Luxembourg,"Luxembourg, Luxembourg",1 week ago
junior professorship position (m/f/d) in Single Cell Biology,University of Würzburg,"Würzburg, Germany",3 weeks ago
GROUP LEADER,Nencki Institute of Experimental Biology of the Polish Academy of Sciences,"Warsaw, Poland",1 week ago
Postdoctoral Position (all genders) in  Extrachromosomal DNA in?,BioMed X Institute,"Heidelberg, Germany",1 month ago
Research support technician in civil engineering,University of Luxembourg,"Luxembourg, Luxembourg",1 week ago
"Center for Translational Research, Shenzhen Bay Laboratory",Shenzhen Bay Laboratory,"Shenzhen, China",2 months ago
IE-2206 ? INTERNSHIP IN SOIL METALS BIOAVAILABILITY ASSESSMENT IN?,Luxembourg Institute of Science and Technology (LIST),"Esch-Sur-Alzette, Luxembourg",3 months ago
E-2233 ? ENGINEER FOR SCIENCE-BASED SUPPORT OF CHEMICALS POLICIES,Luxembourg Institute of Science and Technology (LIST),"Esch-Sur-Alzette, Luxembourg",2 months ago
"Post-doctoral Fellow in Combinatorial Optimisation, Meta-Heuristics,?",University of Luxembourg,"Luxembourg, Luxembourg",1 week ago
Professor Experimental Immunology,Institute of Tropical Medicine (ITM),"Antwerp, Belgium",1 month ago
Pharmacometricians permanent contract,F. Hoffmann-La Roche AG,"Basel, Switzerland",2 months ago
PhD Student (m/f/d),Essen University Hospital,"Essen, Germany",3 weeks ago
Associate Director - Precision Medicine,Exscientia,"Oxford, United Kingdom",2 weeks ago
Scientist/Senior Scientist in the new Therapeutic Genome Engineering?,St. Jude Children's Research Hospital (St. Jude),"Memphis, TN, United States",2 months ago
Postdoc ? Fully coupled regional reanalysis,Jülich Research Centre (FZJ),"Jülich, Germany",2 weeks ago
Associate Director Precision Oncology Research,National Institutes of Health (NIH) ,"Bethesda, MD, United States",2 months ago
Postdoctoral Scientist,Victor Chang Cardiac Research Institute (VCCRI),"Sydney, Australia",2 months ago
Postdoctoral Scientist ?Translational Oncogenomics Group,CRUK Manchester Institute,"Manchester, United Kingdom",1 month ago
Software Engineer,Jülich Research Centre (FZJ),"Jülich, Germany",6 months ago
Postdoc or research assistant (future PhD student) at the Bandim?,University of Southern Denmark (SDU),"Odense M, Denmark",1 day ago
PhD Student (f/m/d) Spatially resolved solid state polymorph?,Helmholtz-Zentrum Dresden-Rossendorf (HZDR),"Dresden Rossendorf, Germany",3 weeks ago
PostDoc (f/m/d) AI-driven decision for treatment clearance in?,Helmholtz-Zentrum Dresden-Rossendorf (HZDR),"Görlitz, Germany",2 weeks ago
"Cancer Research Associate II, North Brunswick, NJ, USA","Sonder Research X, ","North Brunswick, NJ, United States",2 weeks ago
Statistical Geneticist/Statistician,Human Technopole,"Milan, Italy",2 weeks ago
Postdoctoral Research Fellow - Cell Biology/Neuroscience - Saheki Lab,Lee Kong Chian School of Medicine,"Novena, Singapore",3 weeks ago
PostDoc (f/m/d) AI-driven decision for treatment clearance in?,Helmholtz-Zentrum Dresden-Rossendorf (HZDR),"Görlitz, Germany",2 weeks ago
Postdoc (f/m/d) AI-driven decision for treatment intervention in?,Helmholtz-Zentrum Dresden-Rossendorf (HZDR),"Görlitz, Germany",2 weeks ago
Data protection researcher in the area of biomedical data sciences,University of Luxembourg,"Luxembourg, Luxembourg",8 months ago
Barbara McClintock Bioscience Fellowship,Sandia National Laboratories,"Albuquerque, New Mexico, United States",3 weeks ago
PROFESSOR MECHANICAL ENGINEERING IN AGRO FOOD AUTOMATION AND ROBOTICS,KU Leuven,"Leuven, Belgium",2 weeks ago
Postdoc in Machine Learning for Spatial Multi-omics of Glioblastoma,German Cancer Research Center in the Helmholtz Association (DKFZ),"Heidelberg, Germany",6 days ago
Faculty Position in Cellular Engineering,Mayo Clinic,"Scottsdale, AZ, United States",2 months ago
PhD Student (f/m/d) in the field of translational biophysics / Master?,Helmholtz-Zentrum Dresden-Rossendorf (HZDR),"Potsdam, Germany",1 month ago
Postdoctoral Training Fellow - Host-Pathogen Interactions in?,Francis Crick Institute,"London, United Kingdom",4 months ago
"Scientist/Senior Scientist, Biochemical and Cellular Pharmacology","Genentech, Inc.","South San Francisco, CA, United States",2 months ago
PhD candidate in Theoretical Chemical Physics,University of Luxembourg,"Luxembourg, Luxembourg",1 week ago
Postdoctoral Research Fellow in Nutrition-Gut-Microbiome-Brain?,The University of British Columbia (UBC),"Vancouver, Canada",1 month ago
Research Technician,NYU Langone Medical Center (NYULMC),"New York, NY, United States",1 month ago
Group leader in Innate Immunology & Allergology (f/m/x)?,Helmholtz Munich,"München, Germany",6 days ago
Postdoc in Membrane protein characterization,Technical University of Denmark (DTU),"2800 Kgs. Lyngby, Denmark",3 weeks ago
Research Associate,Imperial College London,"London, United Kingdom",3 weeks ago
PhD candidates at the TU Graz in the frame of the Lead Project Porous?,Graz University of Technology (TU Graz),"Graz, Austria",2 weeks ago
Postdoctoral Researcher in Energy Sector Coupling,University of Luxembourg,"Luxembourg, Luxembourg",1 week ago
Professor in Molecular Genetics of Plants,Aarhus University (AU),"Aarhus C, Denmark",1 week ago
PostDoc position (m/f/d) in "Shapes and sequences: Accurate?,Alfred Wegener Institute - Helmholtz Centre for Polar and Marine Research (AWI),"Oldenburg, Germany",2 months ago
E-2255 CELL BIOLOGY TECHNICIAN,Luxembourg Institute of Science and Technology (LIST),"Esch-Sur-Alzette, Luxembourg",3 weeks ago
Faculty Position in Immunoengineering,Mayo Clinic,"Scottsdale, AZ, United States",2 months ago
"Postdoctoral Fellow, decision analysis and the environmental impacts?",The University of British Columbia (UBC),"Vancouver, Canada",3 weeks ago
Faculty Position in Bacterial Pathogenesis and Immunity,Emory University,"Atlanta, GA, United States",1 month ago
Postdoc position Computational Neurobiology Lab,Flanders Institute for Biotechnology (VIB),"Antwerp, Belgium",1 week ago
Post-doctoral position in Computational Modelling in Life Sciences,Fundación Biofísica Bizkaia,"Bilbao-Leioa, Spain",2 weeks ago
HiLIFE tenure track assistant / associate professor positions,University of Helsinki,"Helsinki, Finland",5 days ago
Research Scientists (m/f/d) in the field of structural biology,University of Lübeck,"Lübeck, Germany",1 week ago
Research Fellow,Mayo Clinic,"Rochester, MN, United States",2 weeks ago
Senior Research Scientist (m/f/d) - Manager for Drug Development?,Evotec SE,"Göttingen, Germany",4 months ago
Staff Scientist: Laboratory of Obesity and Metabolic Diseases,National Institutes of Health (NIH),"Bethesda, MD, United States",1 month ago
Postdoc ? Global Energy Systems Modeling,Jülich Research Centre (FZJ),"Jülich, Germany",3 months ago
Controls Software Engineer for PETRA IV fast feedback-systems,German Electron Synchrotron (DESY),"Hamburg, Germany",8 months ago
Research Scientist (f/m/d) - Lipid/Polymer Chemistry and Drug Delivery,Evotec SE,"Orth, Austria",7 months ago
"Engineer (m/f/d) within the field of optics, electronics, physical?",Alfred Wegener Institute - Helmholtz Centre for Polar and Marine Research (AWI),"Bremerhaven, Bremen",5 months ago
MSCA Postdoctoral Fellowships 2022 at Fondazione Human Technopole in?,Human Technopole,"Milan, Italy",1 month ago
Postdoc (m/f/d) in assessment of climate forcing impact of Carbon?,Helmholtz Centre for Ocean Research Kiel (GEOMAR),"Kiel, Germany",4 days ago
Senior Laboratory Research Scientist,Francis Crick Institute,"London, United Kingdom",1 week ago
Project Scientist in Assay Development to join the Superti-Furga Lab?,"Research Center for Molecular Medicine (CeMM), ÖAW","Vienna, Austria",1 month ago
Computational Biology Postdoc positions at Harvard Medical School,Harvard Medical School (HMS),"Boston, MA, United States",1 month ago
Study Support Technician - Behavior & Experimental?,Howard Hughes Medical Institute (HHMI),"Ashburn, United States",6 days ago
Group Leader (f/m/d) CRISPR/RNAi Technology for Target Identification?,Evotec SE,"Hamburg, Germany",10 months ago
JUNIOR RESEARCH GROUP LEADER IN PRECISION MEDICINE OF CYSTIC FIBROSIS,Charité - University Medicine Berlin,"Berlin, Germany",1 month ago
University Professor,Vienna University of Technology (TU Wien),"Wien, Austria",2 months ago
E-2253 RESEARCHER IN PLANT MOLECULAR BIOLOGY,Luxembourg Institute of Science and Technology (LIST),"Esch-Sur-Alzette, Luxembourg",3 weeks ago
PostDoc ? Precision Medicine and human Proteomics,Charité - University Medicine Berlin,"Berlin, Germany",1 month ago
Research assistant in Ultrashort pulse generation and low temperature?,Aarhus University (AU),"Aarhus C, Denmark",2 weeks ago
PhD positions: Bird flight research & Aerial robot design?,University of Groningen (RUG),"Groningen, Netherlands",2 months ago
Research Assistant- Aquatic Methane Sensors,Woodwell Climate Research Center ,"Falmouth, MA, United States",2 weeks ago
Director Netherlands Institute for Neuroscience-KNAW,"Netherlands Institute for Neuroscience (NIN), KNAW","Amsterdam, Netherlands",1 week ago
Doctoral researcher in Software-Defined Vehicles,University of Luxembourg,"Luxembourg, Luxembourg",1 week ago
PostDoctoral Scientist (f_m_x),Helmholtz Centre Potsdam - German Research Centre for Geosciences (GFZ),"Potsdam, Germany",5 days ago
Associate Professor or Assistant Professor (tenure track) in Lifespan?,University of Luxembourg,"Luxembourg, Luxembourg",1 week ago
Statistical Geneticist/Statistician,Human Technopole,"Milan, Italy",2 weeks ago
Faculty Positions in Westlake University,Westlake University,"Hangzhou, China",1 month ago
Postdoctoral Research Fellow - Cell Biology/Neuroscience - Saheki Lab,Lee Kong Chian School of Medicine,"Novena, Singapore",3 weeks ago
Postdoc Opening in Quantum Materials and Devices,Aarhus University (AU),"Aarhus C, Denmark",2 weeks ago
PhD Student (m/f/d),Bernhard Nocht Institute for Tropical Medicine (BNITM),"Hamburg, Germany",20 minutes ago
E-2236 - EXPERIENCED RESEARCHER IN FLOOD MODELLING AND SATELLITE EO?,Luxembourg Institute of Science and Technology (LIST),"Esch-Sur-Alzette, Luxembourg",5 months ago
Bioinformatician Post Doc,Italian Institute of Technology (IIT),"Genova, Italy",3 weeks ago
NIAAA Scientific Director,NIH National Institute on Alcohol Abuse and Alcoholism (NIAAA),"Bethesda, MD, United States",1 month ago
Biotech Scientist (Blood cell development and disorders),St. Jude Children's Research Hospital (St. Jude),"Memphis, TN, United States",1 year ago
Staff Scientist 1 - Cryo-Electron Tomography,National Institutes of Health (NIH),"Bethesda, MD, United States",2 weeks ago
Seismologist - Ground Motion Modeller (f_m_x),Helmholtz Centre Potsdam - German Research Centre for Geosciences (GFZ),"Potsdam, Germany",2 months ago
Biology Instructor,Madison Area Technical College (Madison College),"Madison, WI, United States",2 months ago
Assistant Professor (tenure track) or Associate Professor (tenured)?,University of Luxembourg,"Luxembourg, Luxembourg",1 week ago
Cryogenic and Photonic Technician,The University of British Columbia (UBC),"Vancouver, Canada",3 weeks ago
PhD Position in Data Science for Insurance,"Interdisciplinary Centre for Security, Reliability and Trust (SnT), University of Luxembourg","Luxembourg, Luxembourg",1 week ago
Postdoctoral Researcher in Computational Physics and Machine Learning,University of Luxembourg,"Luxembourg, Luxembourg",1 week ago
Training Specialist,Howard Hughes Medical Institute (HHMI),"Ashburn, United States",1 month ago
Group Leader ? Systems Virology (Infectious Disease Initiative),Chan Zuckerberg Biohub (CZ Biohub),"San Francisco, CA, CA, United States",1 month ago
"Principal Scientific Researcher or Senior Scientific Researcher,?","Genentech, Inc.","San Francisco, CA, United States",2 weeks ago
4 bioinformatics / quantitative cell biology scientists for?,University of Eastern Finland (UEF),"Kuopio, Finland",2 weeks ago
Postdoc in Brain Tumor Biology,Lund University (LU),"Lund, Sweden",2 months ago
Senior Linux System Administrator (f/m/x),Helmholtz Munich,"München, Germany",2 months ago
Principal Investigators in Shenzhen Bay Laboratory,Shenzhen Bay Laboratory,"Shenzhen, China",2 months ago
Post-Doctoral Researcher: Health Technology Assessment Research in?,Luxembourg Institute of Health (LIH),"Strassen, Luxembourg",3 weeks ago
"PRODIGY - Postdoctoral Fellowship in Ocean Observation, Analysis and?",The University of British Columbia (UBC),"Vancouver, Canada",2 weeks ago
PhD Student (f/m/d) Multi-scale atomistic simulations of?,Helmholtz-Zentrum Dresden-Rossendorf (HZDR),"Dresden Rossendorf, Germany",1 month ago
"Research Technician, Germ Cell Development - Yamashita Lab",Howard Hughes Medical Institute (HHMI),"Cambridge, United States",3 weeks ago
Postdoc in breeding scheme simulation,Aarhus University (AU),"Aarhus C, Denmark",11 hours ago
1 PhD Student (m/f/d) ? Cellular and genomic alterations induced by?,Ulm University,"Ulm, Germany",6 days ago
Faculty Positions in Westlake University,Westlake University,"Hangzhou, China",1 month ago
"Faculty Positions in School of Life Sciences, Westlake University",Westlake University,"Hangzhou, China",1 month ago
Research Professor(s) in Network Science,The Network Science Institute at Northeastern University (NetSI) ,"London, Greater London, United Kingdom",2 months ago
Postdoctoral Training Fellow ? CS Hill Lab,Francis Crick Institute,"London, United Kingdom",2 weeks ago
Postdoc positions in genomics and/or bioinformatics supported by ERC?,Aarhus University (AU),"Aarhus C, Denmark",2 months ago
Lab Manager & Field Safety Coordinator?,Woodwell Climate Research Center ,"Falmouth, MA, United States",1 month ago
Postdoctoral fellow in Mitochondrial DNA replication and transcription,University of Gothenburg (GU),"Gothenburg, Sweden",6 days ago
Post-Doctoral Researcher: Health Economics in Digital Medicine,Luxembourg Institute of Health (LIH),"Strassen, Luxembourg",4 weeks ago
Excellent Employment Opportunities Available at The First Affiliated?,"The First Affiliated Hospital, Zhejiang University School of Medicine (FAHZU)","Hangzhou, China",3 months ago
"DEAN, SCHOOL OF SCIENCES AND HUMANITIES",Nazarbayev University (NU),"Nur-Sultan, Kazakhstan",4 weeks ago
Director of the Center for Human Health and the Environment (CHHE),North Carolina State University (NCSU),"Raleigh, NC, United States",7 days ago
Open-Rank Call for Scientists in the Field of Virology,University of South Florida (USF),"Tampa, FL, United States",2 months ago
Deputy Director,Howard Hughes Medical Institute (HHMI),"Ashburn, United States",2 months ago
Senior/Principal Translational Medicine & Biomarker Lead - Precision?,Boehringer Ingelheim Pharma GmbH & Co. KG,"Biberach, Germany",1 month ago
ICN2 PhD Programme,Catalan Institute of Nanoscience and Nanotechnology (ICN2),"Cerdanyola del Valles, Spain",2 days ago
E-2252 TELECOMMUNICATION SCIENTIST SPECIALIZED IN THE INTEGRATION OF?,Luxembourg Institute of Science and Technology (LIST),"Esch-Sur-Alzette, Luxembourg",2 months ago
M-2133 - POST-DOCTORAL POSITION IN ADVANCED NON-LINEAR LASER?,Luxembourg Institute of Science and Technology (LIST),"Esch-Sur-Alzette, Luxembourg",8 months ago
E-2251 - MICROBIOLOGIST WITH EXPERTISE IN BACTERIAL FERMENTATION AND?,Luxembourg Institute of Science and Technology (LIST),"Esch-Sur-Alzette, Luxembourg",3 months ago
Laboratory Post-Doctoral Fellowship,Fund for Public Health NYC,"New York, NY, United States",2 months ago
Postdoctoral Fellow in Computational Biology/Statistical?,University of Luxembourg,"Luxembourg, Luxembourg",1 week ago
Post-Doctoral Research Fellow,Fred Hutchinson Cancer Research Center,"Seattle, WA, United States",2 months ago
PhD scholarship in (Un)sustainable Behaviour,Technical University of Denmark (DTU),"2800 Kgs. Lyngby, Denmark",4 weeks ago
Postdoc positions in epigenetic and transcriptional analysis of?,Aarhus University (AU),"Aarhus C, Denmark",2 months ago
PhD/postdoc on the role of astrocytes in cortical plasticity,Flanders Institute for Biotechnology (VIB),"Leuven, Belgium",12 months ago
Postdoctoral researcher (f_m_x) ? Reactive Transport Modelling of?,Helmholtz Centre Potsdam - German Research Centre for Geosciences (GFZ),"Potsdam, Germany",3 weeks ago
Postdoc position in modelling microbial electrosynthesis,Aarhus University (AU),"Aarhus C, Denmark",1 week ago
Postdoc - Soskic Lab Genomics Research Centre,Human Technopole,"Milan, Italy",3 weeks ago
Assistant Professor in Artificial Intelligence in Big Data Plant &?,Utrecht University (UU),"Utrecht, Netherlands",1 month ago
W3 - Professorship for "Biological Data Science" (f/m/d)?,University of Göttingen,"Göttingen, Germany",6 days ago
1 PhD Student (m/f/d) ? Cellular and genomic alterations induced by?,Ulm University,"Ulm, Germany",6 days ago
Objektleitung (w_m_d)  im Bereich Facilitymanagement,Helmholtz Centre Potsdam - German Research Centre for Geosciences (GFZ),"Potsdam, Germany",2 weeks ago
Research Fellow ? Type 1 Diabetes Mellitus Scientific Program?,National University of Ireland Galway (NUI Galway),"Galway, Ireland",5 days ago
Open call for PhD positions for Medical Doctors in the International?,Flanders Institute for Biotechnology (VIB),"Ghent, Belgium",9 months ago
Postdoc (f/m/d) Inverse Problems/Imaging/Optimisation / PhD in?,Helmholtz-Zentrum Dresden-Rossendorf (HZDR),"Dresden Rossendorf, Germany",4 days ago
12 PhD positions within the MSCA Doctoral Network ?SYNSENSO?:?,Technische Universitaet Darmstadt,"Darmstadt, Hessen",1 day ago
Postdoctoral fellow in Computational genomics of UV-induced DNA damage,University of Gothenburg (GU),"Gothenburg, Sweden",3 weeks ago
Post-Doctoral Scientists - PostDoctoral Associates,Univ of Miami Miller School of Medicine - Sylvester Comprehensive Cancer Center,"Miami, FL, United States",3 weeks ago
Postdoctoral Scholar - Plesa Lab,University of Oregon (UO),"Eugene, OR, United States",4 weeks ago
Systems Engineer,University of Luxembourg,"Luxembourg, Luxembourg",8 months ago
Doctoral candidates in Statistics and Probability,University of Luxembourg,"Luxembourg, Luxembourg",1 week ago
Research Associate (Post-doc) on Automated Machine Learning (ML) in?,"Interdisciplinary Centre for Security, Reliability and Trust (SnT), University of Luxembourg","Luxembourg, Luxembourg",1 week ago
Talent Recruitment at University of Chinese Academy of Sciences?,University of Chinese Academy of Sciences (UCAS),"Beijing, China",1 month ago
Faculty in Digital Health,Indian Institute of Technology Bombay (IIT Bombay),"Mumbai, India",1 day ago
PhD scholarship in High throughput recombinant production and?,Technical University of Denmark (DTU),"2800 Kgs. Lyngby, Denmark",1 week ago
Assistant professor in Digital Soil Mapping,Aarhus University (AU),"Aarhus C, Denmark",1 month ago
Principal Investigator opportunities,The Pirbright Institute,"London, United Kingdom",7 days ago
22P-58 Fellow or Group Leader,The Pirbright Institute,"Pirbright, United Kingdom",6 days ago
Seeking a Unit Leader of RIKEN Center for Integrative Medical?,RIKEN,"Yokohama, Japan",4 weeks ago
Sethi Lab Research Fellow ? Functional Screens in Gastrointestinal?,Dana-Farber Cancer Institute (DFCI),"Boston, MA, United States",2 months ago
Postdoc Position in Computational Immunology,German Electron Synchrotron (DESY),"Hamburg, Germany",1 year ago
Postdoctoral fellow in Cryo EM-studies of mitochondrial DNA?,University of Gothenburg (GU),"Gothenburg, Sweden",6 days ago
Laboratory Manager - Kronauer Lab,Howard Hughes Medical Institute (HHMI),"New York, United States",2 months ago
"Assistant/Associate/Full Professor (T/TT), MizzouForward, Center for?",University of Missouri System,"Columbia, MO, United States",3 weeks ago
"NUIG RES 147-22 Research Associate-Clinical Trial Coordinator, HRB?",National University of Ireland Galway (NUI Galway),"Galway, Ireland",2 weeks ago
Division Operations Manager,Dana-Farber Cancer Institute (DFCI),"Boston, MA, United States",1 month ago
"Faculty Positions in School of Life Sciences, Westlake University",Westlake University,"Hangzhou, China",1 month ago
